{"nodes":[[1.6351201363,1.5727882529,0.3454819133,1.2058615459,-0.546977616,2.7373168583,1.4539614113,2.2338002988,2.6940862418,-1.8268978274,2.963213204,0.8880822851,0.4228737089,0.2484051202,2.7366593498,2.209189278,-0.4492948402,-0.5569167789,0.8380770013,0.3596345276,1.3972034843,-2.7118595108,-2.803103258,-2.0274733644,-0.4330134131,-1.742313527,2.6500943103,0.6832236169,-2.0321807224,-0.3082972312,0.5026824863,1.6903759567,-1.3905823978,-0.1962805735,-2.0001649463,-1.780834326,-0.4123619086,0.2391530113,-0.0287827154,-0.1855800768,0.7637767059],[-1.2071214513,1.2713559232,-2.6397383896,0.5027404041,-1.5010200774],[-0.0988684449,-2.9384747661,2.4564605129,0.0744458626,-0.3669650698],[1.8580473182,-2.3226796895,-1.0588651614,-0.4416610673,-0.8788589832],[0.0181212145]],"paths":[[[0,0,-3.4189511289],[0,1,-3.536819198],[0,2,-0.3375001324],[0,3,2.2949113333],[0,4,1.8360679104],[1,0,-3.2301477422],[1,1,2.0743666184],[1,2,2.2047785006],[1,3,0.1937385054],[1,4,-1.7934986254],[2,0,-0.6336396763],[2,1,0.1863836551],[2,2,2.4326668023],[2,3,-0.2851877272],[2,4,-2.0925644666],[3,0,2.6166279525],[3,1,0.658427946],[3,2,0.1490818316],[3,3,1.3687643356],[3,4,-0.2698473036],[4,0,0.8757883466],[4,1,1.1660483532],[4,2,-1.7269383262],[4,3,-2.3472338547],[4,4,0.8218858624],[5,0,-0.2241677521],[5,1,-0.9071402935],[5,2,1.1337003124],[5,3,1.1699731377],[5,4,-0.5279640892],[6,0,-1.0538759037],[6,1,-0.2704009209],[6,2,1.211019139],[6,3,-1.7348670139],[6,4,0.0096189323],[7,0,2.1462553991],[7,1,0.8144684452],[7,2,0.2296382701],[7,3,-3.2253676306],[7,4,-0.153074778],[8,0,-1.8753616679],[8,1,-0.4162721305],[8,2,0.1860607823],[8,3,-0.9373381874],[8,4,0.5291741213],[9,0,0.1500310745],[9,1,0.1359852645],[9,2,0.1665234882],[9,3,0.8443997847],[9,4,1.7689697379],[10,0,0.6264310502],[10,1,-0.9509464826],[10,2,-0.3042011439],[10,3,-0.1266268158],[10,4,-2.4160666819],[11,0,-2.3390827134],[11,1,-0.2402615238],[11,2,-3.1704872975],[11,3,0.5129527314],[11,4,-1.7486160106],[12,0,-1.6978394904],[12,1,0.7033977263],[12,2,-0.7431241301],[12,3,-2.0675044848],[12,4,-0.5572123597],[13,0,-2.3954766393],[13,1,-1.5134569069],[13,2,-0.2257885851],[13,3,-0.798761857],[13,4,1.420655144],[14,0,1.0717323672],[14,1,0.7159180555],[14,2,2.5467668527],[14,3,0.8201159127],[14,4,-0.1889445306],[15,0,-1.9581397844],[15,1,-0.9459769499],[15,2,1.5759459558],[15,3,1.0650252935],[15,4,0.115993872],[16,0,-0.1961326811],[16,1,-0.3827412375],[16,2,-0.4340240916],[16,3,-0.0545808515],[16,4,0.5584760189],[17,0,-0.4581757108],[17,1,-0.7564038858],[17,2,-0.4593719974],[17,3,2.6567423586],[17,4,0.2035933249],[18,0,-0.2279378536],[18,1,1.3454338972],[18,2,0.2806924904],[18,3,-1.6586279042],[18,4,-0.8720772228],[19,0,-1.1107006636],[19,1,-0.7603444959],[19,2,-0.8526677056],[19,3,-1.0347512726],[19,4,0.1578675516],[20,0,-0.4008165251],[20,1,-0.719989633],[20,2,-1.4434315331],[20,3,-1.7390692828],[20,4,-1.3287075823],[21,0,1.3634988509],[21,1,-2.6862812423],[21,2,2.1254331804],[21,3,-0.1063524045],[21,4,-1.6840915173],[22,0,-0.0759363738],[22,1,0.0553869624],[22,2,-1.3570973526],[22,3,-0.6720167344],[22,4,1.089258281],[23,0,-2.0129145629],[23,1,0.4407163081],[23,2,0.0019128376],[23,3,0.4387108714],[23,4,-1.977416367],[24,0,-0.0589022944],[24,1,1.232167874],[24,2,-0.1425993228],[24,3,-0.6441083556],[24,4,-3.783057833],[25,0,-3.9485370732],[25,1,0.2996911033],[25,2,-0.3674856371],[25,3,0.7379847636],[25,4,-1.6377742639],[26,0,0.3658305403],[26,1,0.8796368114],[26,2,-0.5970008562],[26,3,-0.4630395931],[26,4,1.1576621473],[27,0,0.4669147756],[27,1,-0.2824104305],[27,2,-0.088547861],[27,3,1.6038265189],[27,4,-2.1597217116],[28,0,0.8189523067],[28,1,1.292271567],[28,2,-2.4071782747],[28,3,0.5273446092],[28,4,-3.0343191886],[29,0,-0.3595827168],[29,1,1.5453457956],[29,2,0.7142028645],[29,3,2.0418287706],[29,4,1.6280132102],[30,0,1.4599334422],[30,1,0.7769626849],[30,2,-1.9850146194],[30,3,-0.6432130097],[30,4,-2.1968085714],[31,0,-0.887685178],[31,1,-0.0719740554],[31,2,0.983301099],[31,3,0.4597820353],[31,4,1.4189913249],[32,0,-3.3032003816],[32,1,2.9684900059],[32,2,-0.3606991554],[32,3,0.4596959722],[32,4,0.8250594089],[33,0,0.8183306647],[33,1,0.477080447],[33,2,-0.6458117918],[33,3,-0.1282514421],[33,4,-0.1351965091],[34,0,0.2195261461],[34,1,-0.3499369478],[34,2,1.2637060597],[34,3,1.2609813004],[34,4,-0.4023533026],[35,0,-1.3042048208],[35,1,1.8236487234],[35,2,0.4587147552],[35,3,-2.8265497326],[35,4,0.8613790704],[36,0,1.9891865434],[36,1,2.8078528002],[36,2,-2.2404195949],[36,3,-0.5441782742],[36,4,-0.506578187],[37,0,0.9454139981],[37,1,0.7023442716],[37,2,2.5462394365],[37,3,1.1742503948],[37,4,3.5624045245],[38,0,0.5007367969],[38,1,-0.212472809],[38,2,-2.4897000194],[38,3,0.2109719788],[38,4,0.0407382234],[39,0,-2.5105847048],[39,1,-1.6253817316],[39,2,1.1796529779],[39,3,-1.0575463052],[39,4,0.3341512341],[40,0,0.7239706847],[40,1,1.6232968308],[40,2,0.5296198964],[40,3,0.98514053],[40,4,1.5064748804]],[[0,0,2.0708814697],[0,1,-0.1675915506],[0,2,2.0505135284],[0,3,0.7099793228],[0,4,-1.8333164836],[1,0,1.5576935348],[1,1,-2.9470175613],[1,2,-1.234867733],[1,3,-1.3887510133],[1,4,-0.4314363759],[2,0,0.6284830362],[2,1,-2.3900282577],[2,2,-2.6014185357],[2,3,-1.789885509],[2,4,-1.184645996],[3,0,-1.8098192921],[3,1,1.3232943815],[3,2,1.6773596151],[3,3,-1.9445851782],[3,4,-0.0813086839],[4,0,2.8514432745],[4,1,1.1775710533],[4,2,1.9858855126],[4,3,0.5069779088],[4,4,0.944945781]],[[0,0,-4.2002741477],[0,1,-2.2999734418],[0,2,-3.5368704981],[0,3,2.4242341525],[0,4,0.4742605796],[1,0,0.0929158905],[1,1,-0.3027139415],[1,2,2.7147676273],[1,3,-2.0178639561],[1,4,-1.2544828888],[2,0,-0.245104477],[2,1,-0.0717312745],[2,2,-1.1940349064],[2,3,1.4394978851],[2,4,1.5031192826],[3,0,0.6395882621],[3,1,-2.7690890359],[3,2,-2.467533888],[3,3,1.3162741723],[3,4,0.2271070819],[4,0,-0.0390994186],[4,1,-0.8219632089],[4,2,-0.3121636475],[4,3,-0.0011114539],[4,4,4.6349296098]],[[0,0,-4.1953655787],[1,0,-0.1972837455],[2,0,0.1471833406],[3,0,-1.2653472661],[4,0,1.790725676]]],"act":"x => Math.max(0.1*x, x)","out":"a => Math.tanh(a)"}