{"nodes":[[-0.5194603878,0.3230815048,0.425902727,-0.0250912126,-0.1676384373,0.2822505812,0.1212317269,-0.5707534943,-0.3415073918,0.3655218594,0.1615131364,-0.263753791,-0.1010635416,0.1163613297,-0.1595244724,-0.6690874336,0.3644289852,0.6345034564,-0.0153340609,0.3457196188,-0.4604421507,0.0142112505,-0.1765791076,0.2759090374,0.3749437723,0.3130218267,-0.1872937479,0.300371494,-0.7739381989,0.5530668082,-0.0690621036,-0.5013243774,-0.0504659495,0.9599081203,-0.0235407666,-0.019721665,-0.2519832553,-0.0963907386,0.211721583,-0.4090076637,0.3665591058],[-0.186371876,1.4621391601,-0.2720606237,-0.1105603955,0.6650278918],[0.4748951027,-0.5032030015,-0.2087958326,0.4624087505,-0.7969888704],[-0.1985273728,-0.3049580888,0.0352734841,0.3732859104,-0.4256907508],[0.7635454305,-0.0564331908,-0.1371325101,-0.3216621294,0.5015729348],[-0.3750254927]],"paths":[[[0,0,-0.3215795051],[0,1,-1.4002787413],[0,2,-0.438673154],[0,3,-0.7863389044],[0,4,0.4291872264],[1,0,1.3858529956],[1,1,-0.0639286697],[1,2,0.2593915023],[1,3,-0.3422318419],[1,4,-0.3022820537],[2,0,-0.0076293415],[2,1,0.0518038999],[2,2,-0.5552394472],[2,3,-0.7542652321],[2,4,-0.0296002585],[3,0,0.1270832446],[3,1,0.7152069238],[3,2,0.3281623167],[3,3,0.377391844],[3,4,-0.4693381838],[4,0,0.52783155],[4,1,-0.1779968842],[4,2,0.1039824646],[4,3,0.0417423357],[4,4,-0.2825747747],[5,0,0.7393048686],[5,1,0.0631861122],[5,2,-0.0597556413],[5,3,0.0945048117],[5,4,0.0121184988],[6,0,0.3152445225],[6,1,-0.0551764367],[6,2,-0.0646802289],[6,3,-0.3497381423],[6,4,0.1052716077],[7,0,-0.0690761638],[7,1,-0.0852655201],[7,2,-0.1577242919],[7,3,-0.369623364],[7,4,0.3936920912],[8,0,0.0284784988],[8,1,-0.4662236148],[8,2,0.1702819446],[8,3,0.0138262411],[8,4,-0.2139099941],[9,0,-0.2948350168],[9,1,-0.4537802737],[9,2,0.6931865332],[9,3,-0.40248388],[9,4,0.0917003041],[10,0,-0.0835180754],[10,1,-0.0779145412],[10,2,-0.472846106],[10,3,0.4766763303],[10,4,0.1652978215],[11,0,0.1297535716],[11,1,-0.1148484409],[11,2,-0.2093673253],[11,3,0.0322337708],[11,4,0.0629767311],[12,0,-0.4276051369],[12,1,0.2442098842],[12,2,-0.1305265235],[12,3,0.3983873334],[12,4,-0.5037313599],[13,0,0.1535309279],[13,1,0.7364951313],[13,2,0.1964682739],[13,3,-0.0137467653],[13,4,0.1882202621],[14,0,0.1916520088],[14,1,0.492277971],[14,2,-0.1139469635],[14,3,-0.1715433849],[14,4,-0.6111442768],[15,0,0.6513435764],[15,1,0.0198688843],[15,2,0.540097332],[15,3,-0.0297014496],[15,4,-0.0783176714],[16,0,0.1189026914],[16,1,0.0893284964],[16,2,-0.0049977484],[16,3,-0.0089783463],[16,4,0.0439797882],[17,0,0.0470956093],[17,1,0.4492495736],[17,2,0.5399217878],[17,3,-0.201698707],[17,4,-0.3902830974],[18,0,-0.1400587494],[18,1,-0.2431035673],[18,2,-0.3354840686],[18,3,0.4886555924],[18,4,-0.2084514783],[19,0,-0.9188652352],[19,1,0.1127043448],[19,2,0.6617897687],[19,3,-0.214195052],[19,4,-0.2841060242],[20,0,-0.1383656299],[20,1,-0.0050897856],[20,2,-0.0057783683],[20,3,-0.0104096948],[20,4,-0.0422023233],[21,0,-0.4998484129],[21,1,-0.503028904],[21,2,0.0112164045],[21,3,0.6681617792],[21,4,-0.0409372543],[22,0,0.3747850337],[22,1,0.0949397826],[22,2,-0.3553440662],[22,3,-0.0176439341],[22,4,0.390713479],[23,0,0.1039980974],[23,1,0.5770539123],[23,2,-0.5089179828],[23,3,-0.1897658335],[23,4,0.095403095],[24,0,0.3045444449],[24,1,0.1962937248],[24,2,-0.045673288],[24,3,0.0868908699],[24,4,-0.1225751486],[25,0,-0.0563539744],[25,1,0.4087568816],[25,2,0.2413539311],[25,3,0.4887761556],[25,4,-0.0206201331],[26,0,-0.4992084801],[26,1,0.3074189132],[26,2,-0.1809271771],[26,3,0.3936015128],[26,4,-0.1965541218],[27,0,-0.4613152328],[27,1,0.3539121671],[27,2,-0.4477323807],[27,3,-0.2800877236],[27,4,0.5548941661],[28,0,0.1592399514],[28,1,0.2901994753],[28,2,0.3464564993],[28,3,0.0900267055],[28,4,0.0569489932],[29,0,-0.0702484662],[29,1,0.5457659962],[29,2,-0.1289057327],[29,3,-0.0643310316],[29,4,-0.5607801338],[30,0,-0.3037216551],[30,1,-0.2220477787],[30,2,-0.3924480377],[30,3,-0.072903958],[30,4,-0.2486887298],[31,0,0.2735241692],[31,1,-0.5058624627],[31,2,-0.0787994134],[31,3,-0.0296717461],[31,4,0.0976312858],[32,0,-0.0113044483],[32,1,0.4786251562],[32,2,0.046897332],[32,3,-0.1299357157],[32,4,0.5971326209],[33,0,0.2039653107],[33,1,0.3519962751],[33,2,-0.356942481],[33,3,0.0358543464],[33,4,0.2139205171],[34,0,0.3470856372],[34,1,0.4143902884],[34,2,0.0079302503],[34,3,0.2619102017],[34,4,0.4453194318],[35,0,-0.0894409033],[35,1,0.0412803656],[35,2,-0.5138462966],[35,3,-0.6144487819],[35,4,-0.1646408785],[36,0,0.6020584822],[36,1,0.0203154696],[36,2,-0.1550480948],[36,3,0.0847650298],[36,4,-0.1094096873],[37,0,0.1382670865],[37,1,-0.2053042048],[37,2,-0.4971325828],[37,3,0.3989705789],[37,4,0.3208168279],[38,0,-0.5057921435],[38,1,0.1127155885],[38,2,-0.0564483343],[38,3,-0.3584432336],[38,4,0.5500980183],[39,0,-0.1919017516],[39,1,0.0723180893],[39,2,0.3479097712],[39,3,0.2950654687],[39,4,-0.1283690587],[40,0,0.2528276255],[40,1,-0.3732852465],[40,2,-0.1729786426],[40,3,-0.515347701],[40,4,0.8217025892]],[[0,0,1.0323154057],[0,1,0.7035059684],[0,2,-0.1539242437],[0,3,0.3488129016],[0,4,-0.1704281106],[1,0,1.3485701049],[1,1,-1.8142380476],[1,2,0.1692302547],[1,3,-0.1229265005],[1,4,-0.7395973938],[2,0,0.2608728669],[2,1,-0.0521783809],[2,2,-0.3251440447],[2,3,0.5011736709],[2,4,-0.5313229285],[3,0,0.5514175519],[3,1,0.0205534603],[3,2,-0.2144845014],[3,3,-0.6043460809],[3,4,-0.4315990538],[4,0,0.8343051827],[4,1,-0.4983333749],[4,2,-0.0722031018],[4,3,-0.2939666443],[4,4,-0.1673879953]],[[0,0,-0.3504361702],[0,1,0.2188046787],[0,2,-0.6713844779],[0,3,0.0479760542],[0,4,0.0228324266],[1,0,-0.1475939322],[1,1,0.2446745445],[1,2,0.0719229185],[1,3,0.0360108378],[1,4,-0.3096829174],[2,0,0.9547380656],[2,1,2.3829554118],[2,2,-0.2445172836],[2,3,0.3355265381],[2,4,1.1980233224],[3,0,-0.2089242823],[3,1,-0.4408921065],[3,2,-0.5017962227],[3,3,-0.1189146295],[3,4,-0.2129190325],[4,0,0.2499399231],[4,1,0.1898257664],[4,2,-0.3514300062],[4,3,-0.0764335664],[4,4,0.1714528841]],[[0,0,0.3264623523],[0,1,0.6665532354],[0,2,-2.691803108],[0,3,0.991064597],[0,4,-0.1042654201],[1,0,0.0251931509],[1,1,-0.051253152],[1,2,0.1462969776],[1,3,0.8831014833],[1,4,0.1972934447],[2,0,-0.0377988942],[2,1,-0.5298925293],[2,2,-0.6731670497],[2,3,-0.0817800982],[2,4,0.6131496348],[3,0,0.6702730448],[3,1,0.5426387977],[3,2,0.8833187422],[3,3,0.3660692877],[3,4,0.1283691315],[4,0,-0.6022459704],[4,1,0.9510878939],[4,2,0.0564082639],[4,3,-0.6093011461],[4,4,-0.0593728766]],[[0,0,2.8684720589],[1,0,-0.1368211992],[2,0,0.3753413283],[3,0,-0.1543498474],[4,0,0.4247088168]]],"act":"x => Math.max(0.1*x, x)","out":"a => Math.tanh(a)"}
